avgSeqLen,7.7
minSeqLen,3
maxSeqLen,13
avgIntent,29.15120018977865
minIntent,2.9074105954389964
maxIntent,82.69424280869737
