avgSeqLen,8.5
minSeqLen,4
maxSeqLen,16
avgIntent,10.359017598649633
minIntent,1.3541540014309703
maxIntent,39.44165788972399
