avgSeqLen,5.7
minSeqLen,3
maxSeqLen,11
avgIntent,29.05720395522726
minIntent,2.6745653249414483
maxIntent,101.99946901156765
