avgSeqLen,4.5
minSeqLen,1
maxSeqLen,9
avgIntent,1.497188689498673
minIntent,1.1624283767950065
maxIntent,2.0477971476217123
