avgSeqLen,8.6
minSeqLen,3
maxSeqLen,13
avgIntent,7.856123849123586
minIntent,1.0817041659455104
maxIntent,15.347102709368016
