avgSeqLen,6.5
minSeqLen,2
maxSeqLen,14
avgIntent,11.575928865436788
minIntent,1.5625
maxIntent,36.02857302954567
