avgSeqLen,5.7
minSeqLen,3
maxSeqLen,11
avgIntent,88.09233896738803
minIntent,5.749383226685702
maxIntent,611.3226843396288
