avgSeqLen,8.5
minSeqLen,4
maxSeqLen,16
avgIntent,601.359212049193
minIntent,5.076294593836646
maxIntent,3301.2691916204894
