avgSeqLen,6.9
minSeqLen,2
maxSeqLen,14
avgIntent,50.92570724827253
minIntent,1.079380164285695
maxIntent,349.6901959056308
