avgSeqLen,7.7
minSeqLen,3
maxSeqLen,13
avgIntent,101.9089994716067
minIntent,1.4495319991265807
maxIntent,657.26203286625
