avgSeqLen,6.5
minSeqLen,2
maxSeqLen,14
avgIntent,31.243396357356108
minIntent,1.0817041659455104
maxIntent,128.3370109169691
