avgSeqLen,8.6
minSeqLen,3
maxSeqLen,13
avgIntent,196.5285108737567
minIntent,4.220016152769862
maxIntent,911.324826751794
